{
    "loss": 14.307904243469238,
    "accuracy": 0.4313725531101227
}